Timestamp,consent,age,gender,race,sexuality,dating,app_type,most_used,dating_freq,dating_hours,matches,hookup_freq,op1,op2,op3,op4,op5,ssex1,ssex2,ssex3,ssex4,ssex_sum,sres1,sres2,sres3,sres_sum,en1,en2,en3,en4,en_sum,cop1,cop2,cop3,cop4,cop_sum,con1,con2,con3,con4,con_sum,posaffect1,posaffect2,posaffect3,posaffect4,posaffect5,posaffect_sum,negaffect1,negaffect2,negaffect3,negaffect4,negaffect5,negaffect_sum,se1,serev1,se2,se3,serev2,serev3,se4,serev4,serev5,se5,se_sum,vi1,vi2,vi3,vi4,vi5,vi6,vi_sum,de1,de2,de3,de4,de5,de_sum,ab1,ab2,ab3,ab4,ab5,ab6,ab_sum,op6,op7,op8
04/12/2024 07:06:09,Yes,18,Cis woman,White,Bisexual or pansexual,Yes,"Tinder (M), Hinge (N, serious relationships)",Tinder (M),6,,,5,"Dating apps are great for hookups. Often time that‚Äôs all I am looking for and all the other person is looking for, so it works out great. ","My profile creation and curation is definitely what has led to my successes on dating apps. My profile is changed in such a way that I attract what I‚Äôm looking for, depending on how I feel. ","I have a strong positive feeling about hookups. I think demystifying conversations about sex in society is extremely important and I think there‚Äôs a lot of positives to come from gaining sexual experience and have allowed me to feel more in-control of those whom I surround myself with. I‚Äôve been able to explore my sexuality for sure, and think I‚Äôm a more well-adjusted person in relationships just because I have the experience of knowing what I do and don‚Äôt want. ","I feel welcomed. This may be because I‚Äôm also into men as a woman, but I think hookup culture is extremely prevalent here at Berkeley and as far as I can tell, invited anyone who‚Äôs interested in being a part of it. ","Protective sex is extremely important. I have permanent birth control, which definitely eases the nerves about hookups. Condom usage is also still very important, and I use this safety measure too to protect against STDs when unsure of my partner‚Äôs status of being tested. ",4,3,5,5,17,1,1,1,3,5,3,4,5,17,5,5,2,3,15,1,1,5,5,12,3,3,4,4,4,18,1,2,1,1,2,7,1,2,1,1,1,3,1,2,1,1,14,4,5,7,7,7,5,35,7,7,7,7,7,35,4,7,7,3,5,7,33,"I was struggling with burnout and adjustment when I first got here, but it‚Äôs gotten better since. My weeder classes are what I‚Äôm struggling in, like math and chem, but overall still feel confident and motivated to do my work. I think I engage in-class more than my peers, but less out of class. ","I don‚Äôt think so, at least in the way I use dating apps. I‚Äôm good at time management and compartmentalization, so I use hookups as that distraction once I‚Äôm done with studying. ","My work/school/life balance isn‚Äôt the best. I spend most of my time studying and, at least in the dorms, have found it difficult to nurture my hobbies. So, most of my time is spent studying although I try to keep a balance about my day. "
04/12/2024 10:06:59,Yes,18,Cis woman,White,"Unlabelled, queer, questioning, or other non-heterosexual sexuality",Yes,"Tinder (M), Hinge (N, serious relationships), HER (N, queer women)","Hinge (N, serious relationships)",5,,,5,"I mostly use dating apps when I am looking to hook up and not for relationships. I have much better success hooking up with men than anyone else, there are a LOT more men that are ready to just come over and have sex. Though the ratio of women I am actually attracted to in the apps is significantly higher. ",Personally I don‚Äôt use them for the long run and delete and redownload them often. Because I end up having more success with men I often get bored of them and the app as a whole. ,They have definitely helped me explore my sexuality and my interests in different kinds of people. I also enjoy being able to still have sex even when I‚Äôm not interested in a relationship. ,"I find it significantly harder to hookup with other queer people. I feel like it‚Äôs a lot less normalized for queer people to seek out hookups, so I have rarely ever experienced a hookup with other non men. ",I always use protection and am always on birth control. I would rather spend a couple bucks on contraceptives then money for treatments. ,2,2,4,4,12,1,1,1,3,5,5,5,4,19,4,4,3,2,13,1,1,1,1,4,3,4,5,5,4,21,2,3,2,3,2,12,4,4,2,2,3,4,3,3,4,3,32,2,3,4,2,3,3,17,5,5,6,6,4,26,2,1,1,1,2,1,8,I have various disorders and issues with executive function as a whole so that makes classes difficult. I also grew up gifted and have burnt out for a long time because of it. I am really interested in the things I study but not the studying itself. ,"For me, I don‚Äôt notice a correlation. ",I often have a hard time prioritizing school but I think I do a pretty decent job. 
04/12/2024 10:28:59,Yes,19,Cis woman,Native American or Alaska Native,Bisexual or pansexual,No,I have not used a dating app.,I have not used a dating app.,1,0,0,1,Never really tried a dating app but if I were to I‚Äôd be too scared to even really interact with people in fear it would be a catfish or scam üò≠,"Depends, never used a dating app but I think if both parties have the same idea/plan with each other whatever it may be it could work.","I‚Äôve never actually experienced a hookup, the most is I was texting a guy the I meet once and he was so down bad üò≠. And I had this situationship with a girl which she only pretended to like me to get at my guy friend so I hardly was given the opportunity to explore my sexuality.",Uh no but I feel like it‚Äôs a very hush hush conversation because I‚Äôve never really seen it happen and I‚Äôve never done it.,Consent and being safe is very important to me!,1,1,1,1,4,1,1,1,3,1,1,1,1,4,1,1,1,1,4,1,1,1,1,4,1,1,1,1,1,5,1,1,1,1,1,5,1,3,2,2,3,3,2,4,4,2,26,1,1,5,5,5,3,20,4,3,4,5,5,21,5,6,6,2,2,4,25,My history class Omg i hate it so much üò≠! The lectures are horrible to follow and I can‚Äôt do it.,Berkeley is huge but also a small world if it was 1 time thing you‚Äôre bond to bump into them.,"Horrible, I procrastinate on hw a lot and I work a lot üò≠"
04/12/2024 11:38:15,Yes,18,Cis woman,Hispanic or Latino,Bisexual or pansexual,Yes,"Tinder (M), HER (N, queer women)",Tinder (M),2,1,50,3,I use them to hookup but once i did find a nice person who i fell for but it never worked out ,the men who only pursue hookups ,"I feel like there should be no judgment against them, sex can be empowering but know ur limits and yes its helped figure out my sexuality ","i think it‚Äôs empowering, let‚Äôs u figure out what u like and dislike ",condoms and asking about past sexuality transmitted disease testing beforehand ,4,2,5,3,14,1,1,2,4,5,5,5,3,18,2,3,2,1,8,1,1,1,1,4,3,5,2,5,4,19,2,1,2,1,3,9,1,2,1,1,2,3,1,4,3,1,19,2,5,6,5,4,6,28,3,7,7,7,7,31,7,7,6,4,5,7,36,"I do engage in my classes by answering questions that the professor is asking and I am not struggling with burnout, i struggle more with procrastination and phone time. ",It kind of does but I just feel like you need to schedule your time wisely and prioritize your studies over hookups. ,I feel like the balance between the 3 is well off and I keep it in check when I feel like I‚Äôve been doing more of one thing rather than the other. 
04/12/2024 12:18:13,Yes,19,Trans woman,Asian,"Lesbian, gay, or homosexual",Yes,"Tinder (M), Bumble (M), eHarmony (N, serious relationships), Hinge (N, serious relationships), HER (N, queer women), Taimi (N, queer people), HUD (N, hookups)","Hinge (N, serious relationships)",8,2,20,8,"My experiences with hookups went both ways. On one hand, I maintain contact with my hookup partner, and we both feel comfortable during the hookup. On the other hand, I don't maintain contact with my partner, and either one of us felt uncomfortable during the hookup. I use dating apps to hook up and I feel like that has helped somewhat, but now I feel like it's hard to find hookups.","My profile creation. Profile creation is an essential part in matching because it allows your partners to look at both what you look like and your personality. However, there are times when people just care for looks. In that case, I build my profile off my best looking photos.","I don't participate in hookup culture anymore. Hookups are fun, but it's when you keep doing them that it gets repetitive, especially when there's higher risk for getting STIs. They've, however, allowed me to explore my sexuality and figure out what I'm most comfortable with in bed.","I feel welcomed. I feel like even though queer women are heavily sexualised, I've noticed that hooking up is an outlet for me to take pride in my sexuality and connect with others who feel the same.","All hookups were spontaneous for me. I didn't use a condom during sex ever, and there were times where I penetrated without any sort of protection. Still, protective sex is important to me, and I try to not engage in penetration if I don't have protection.",4,5,5,5,19,5,1,5,11,5,5,5,5,20,5,3,5,5,18,2,1,3,5,11,5,4,3,5,5,22,2,2,1,1,1,7,2,3,1,1,3,4,1,4,2,2,23,3,5,5,2,4,3,22,6,5,5,6,6,28,6,5,5,7,6,7,36,"I am performing average academically. I've been burnt out for the past month now, and I'm struggling especially with task switching and sticking to study routines. I tend to engage less in class than my peers.","Somewhat. I don't think it tells the whole story, but I've noticed I go on dating apps a lot, which may be a distraction to my studies.","This balance is sort of good, it tends to fall apart and lean towards life rather than work or school, especially with hooking up."
04/12/2024 14:07:03,Yes,18,Nonbinary,Hispanic or Latino,Bisexual or pansexual,Yes,"Tinder (M), Bumble (M), Hinge (N, serious relationships)",Tinder (M),4,2,60,6,"mostly for hookups. i usually try to avoid going to someone‚Äôs house for safety reasons, so queer hookups don‚Äôt always pan all the way out‚Ä¶","i‚Äôm not sure if dating apps are the way to go in the long run, but for now they keep me entertained.","usually they are pretty good. more recently i have found it difficult to break out of old habits of hookups, as i now feel like i want something more serious. ","depends. some times ill encounter a weird cis man who fetishizes queer women, but other than that, they usually go pretty well. ",yes. condoms ,4,5,5,5,19,2,1,2,5,5,5,4,5,19,5,5,5,5,20,2,1,1,1,5,4,4,5,4,4,21,4,1,1,2,1,9,2,4,2,2,2,3,2,2,2,2,23,6,5,7,7,7,7,39,5,7,7,7,7,33,5,5,5,6,6,5,32,"i am a very strong student. i attend a top 20 university, and i am thriving. overall i am living the dream and im loving every second of it. ","i think it definitely does for some people, not necessarily for me. i typically keep those aspects of my life separate ","yes, years of therapy, and practice. sometimes i   get caught up in my schoolwork and disregard my personal life, but i try to stay in check with myself "
04/12/2024 15:38:54,Yes,19,Cis woman,White,"Unlabelled, queer, questioning, or other non-heterosexual sexuality",Yes,"Tinder (M), Hinge (N, serious relationships)",Tinder (M),5,1,200,4,I only go on dating apps to find a hookup. Most of the time I am successful.,I really don't believe that dating apps work in the long run. I've also never tried it use it seriously.,I don't have any particular feelings about hookup culture. ,I think it is somewhat empowering because it opens up a lot more options and allows me to grow my personality.,"Yes, safe sex is very important to me. I use condoms and day after pills if needed. ",5,5,5,3,18,1,1,1,3,5,5,1,2,13,1,3,1,1,6,1,1,1,1,4,4,3,3,3,3,16,1,1,1,1,1,5,1,2,1,1,1,1,1,1,1,1,11,5,5,7,4,7,7,35,7,7,7,7,7,35,5,5,5,6,7,7,35,Currently I am doing a bit above my average since it is coming closer to finals week. I am neither struggling or excelling. ,I have seen it affect other peoples academic performance but it has not affected mine.,I allow myself a cerrtaun amount of hookups to keep myself in check. I do not intertwine my life outside of college to my classes.
04/12/2024 15:45:23,Yes,19,Cis woman,Asian,Bisexual or pansexual,Yes,"Tinder (M), Hinge (N, serious relationships)","Hinge (N, serious relationships)",2,2,30,1,"I‚Äôm not into hookup culture. I went on a date with a girl once off Hinge, one-time thing. Made a new friend off of Hinge over summer and we share a class together + still talk regularly. Overall I don‚Äôt really have any successes romance wise. ","I attribute them to multiple dates, which has never happened. Some dating apps do work long term but it‚Äôs not often, and it‚Äôs not for me. ","Not into them, mainly due to personal values and I‚Äôm demisexual. I do think about it sometimes though, if i were to get into it.","I wouldn‚Äôt say either, because for me, I think it would be a use to explore my sexuality more. ",Never had sex before ,1,2,1,1,5,1,1,1,3,2,2,2,2,8,1,2,1,1,5,1,1,1,1,4,3,3,2,1,1,10,2,1,1,1,2,7,2,1,1,2,1,2,2,4,1,2,18,6,2,7,1,7,5,28,1,6,5,6,4,22,1,1,1,1,5,2,11,"I‚Äôm performing pretty well. I wing most of my classes as a humanities student and do fine. I‚Äôm neither excelling or struggling in any classes, just doing average, maybe a little more than average for a couple of classes. I engage in classes a moderate amount. I rarely raise my hand but I participate in discussions wholeheartedly.","Not really, not unless you want it to. You should be able to manage your time. ","I think it‚Äôs really good, and I keep it in check by making sure I have ample time for everything and getting enough sleep, and I do."
04/12/2024 18:43:58,Yes,19,Nonbinary,Hispanic or Latino,"Unlabelled, queer, questioning, or other non-heterosexual sexuality",Yes,"Hinge (N, serious relationships)","Hinge (N, serious relationships)",2,0.2,3,1,Don‚Äôt really want hook ups ,Not optimizing ,"View negatively mainly, personally something like that to me signifies a huge amount of intimacy or trust with someone but everyone‚Äôs free to do what they want ","Not interested in hook up culture at all, Id say it‚Äôs just dependent on the degree people do it ",Abstinence ,1,1,1,1,4,1,1,1,3,1,1,1,1,4,1,1,1,1,4,1,1,1,1,4,1,1,1,1,1,5,1,1,1,1,1,5,2,3,3,3,3,3,3,3,2,3,28,1,1,3,1,2,1,9,6,2,3,3,4,18,4,2,2,3,2,2,15,Pretty poor I‚Äôd say I‚Äôm gonna pass but not succeed,"Probably, well with anything it could be seen as similar to an extra thing like gaming or partying not inherently harmful but excess does lead to ruin",Poor generally trying to use a scheduler
05/12/2024 11:07:15,Yes,19,Cis woman,Hispanic or Latino,Bisexual or pansexual,Yes,"Tinder (M), Bumble (M), Hinge (N, serious relationships)","Hinge (N, serious relationships)",2,3,20,3,Most were successful or just didn‚Äôt pursue or go anywhere ,they could but i think meeting people in person can be more effective considering ur meeting a  stranger ,"I‚Äôm into hookup culture, i‚Äôm not one to be ready for a long term committed relationship ","No i don‚Äôt think it‚Äôs damaging but i do think it‚Äôs more normalized amongst cis straight people but it shouldn‚Äôt , it should be okay for anyone who wants to ","Very very very important, people are dishonest and it‚Äôs always important to communicate and be safe for yourself and others ",5,4,5,1,15,1,1,1,3,5,5,5,5,20,1,1,1,1,4,1,1,1,1,4,5,2,5,5,5,22,3,1,1,3,1,9,2,1,1,2,2,3,2,3,1,2,19,4,2,3,4,2,5,20,6,4,3,3,4,20,3,6,3,2,3,1,18,I‚Äôm struggling with classes but i could be putting in more work ,No i think it could be an escape but i dont think its affects academically ,It falls apart but i‚Äôve managed to keep a float no matter what 
05/12/2024 16:53:51,Yes,19,Nonbinary,Asian,Bisexual or pansexual,Yes,"Tinder (M), OkCupid (M), HER (N, queer women)",OkCupid (M),2,0,10,3,"There have been some failures where even though I tried my best to vet them ahead of time, I ended up having an overall negative experience with my hookup partner. It is a mutual risk when engaging in hookup culture. Safety is never 100% guaranteed. I use dating apps to look for compatible BDSM partners, which is of course a task that requires a lot of vetting and thoroughness, so I haven't had much success in finding a partner completely compatible with myself, although I've had several trysts with various people through apps.","I'm just not locked in enough on dating apps... I'll match with someone, chat for a few days, but I quickly become too busy or distracted to really keep anything going.",I am sex-positive and don't think that hookups are inherently unethical. ,"Hookup culture is as equally damaging/empowering to queer women as it is to all other people, I would say. ",Protected sex is very important to me. It is non-negotiable.,1,4,4,4,13,4,2,4,10,5,2,2,4,13,1,1,1,2,5,1,1,1,1,4,1,1,3,3,2,10,3,4,2,1,1,11,3,4,1,3,4,4,2,3,4,3,31,1,1,2,2,2,1,9,7,1,1,1,2,12,1,1,1,1,1,5,10,"Academically, I'm having a hard time. I'm so burnt out, I can barely get out of bed to do class tasks that were meant to be done weeks ago. I engage so little because I'm spread so thin. I excel in finding the bare minimum to do ""good enough"" in a class, before moving onto the next.",Hookups sometimes help me feel excited about life and give me energy to persevere even throughout hard times in school. They break up the monotony of school.,I guard my personal time like a dog. Probably too viciously. 
05/12/2024 19:40:00,Yes,19,Cis woman,Hispanic or Latino,Bisexual or pansexual,Yes,"Tinder (M), Bumble (M), Hinge (N, serious relationships)",Tinder (M),5,3,100,1,i don't really use apps to hook up ,i don‚Äôt think they work if you‚Äôre looking to get to know someone. they‚Äôre more hookup focused ,they‚Äôre not my thing but i‚Äôd be open to them if i found someone im interested in ,given that i‚Äôm pan but mainly date men i feel welcome into hookup culture because of the heteronormativity that comes with it but i haven‚Äôt had as many women/nbies just try to hook up with me ,always use a condom and i just got an iud. safe sex is extremely important to me ,2,3,4,2,11,1,1,1,3,4,4,4,3,15,1,2,1,2,6,1,1,1,1,4,3,2,2,2,2,11,2,3,1,4,1,11,4,3,4,4,3,1,4,3,3,4,33,6,4,4,3,5,5,27,4,6,6,6,6,28,2,3,3,2,5,3,18,burning out rn but pretty okay,i don‚Äôt think so ,it does tend to fall apart 
05/12/2024 20:31:45,Yes,25,Cis woman,Asian,"Lesbian, gay, or homosexual",Yes,"Tinder (M), HER (N, queer women), LEX, FEELD",LEX,5,20,140,8,"Yes. On LEX before it was opened up as a general LGBT app was extremely awesome and it was very easy to find women who wanted to hook up on there. Not grindr fast but fast enough. Now since they have allowed men on there, most of it's just become another gay male hook-up app. I mainly use it for the cruising maps and private hook-up finder groups for women. ",How the app is set up. So many are set ,"I love them and they are pretty much a part of my weekly life. I usually hook up once a week with another woman who is not my primary partner but I usually find these cruising at physical lesbian-centric events.  It hasn't impacted my life. It's like going to play tennis. It's just a part of my life and it's fun to do but it's also not all of what I am. Yes, this has allowed me to explore my sexuality. ","Depends...I often feel excluded from conversations about it because it is assumed all lesbians are monogamous demisexual u-haulers and that we can't enjoy sex because it involves two or more women. 

I don't find it ""empowering"" or ""damaging"". 

I fuck other women because they are hot and it's fun and because I am a lesbian. Not because I have some justification reasoning behind it to make it sound more ""feminist"" or ""deep"" than it is. Would you ask a gay man these questions? More than likely not. ","Yes, I use Lorals. ",5,5,5,5,20,1,1,1,3,5,5,5,5,20,5,5,5,5,20,1,1,1,3,6,5,5,5,5,5,25,1,1,1,1,1,5,2,3,2,1,2,2,2,2,2,2,20,4,4,4,4,4,4,24,4,4,4,4,4,20,4,4,4,4,4,4,24,Pretty well. I do struggle with burnout but it's not due to hooking uo. ,No. ,"Yes, I am pretty organized. "
05/12/2024 20:46:11,Yes,18,Cis woman,More than one race,"Lesbian, gay, or homosexual",Yes,"Tinder (M), Bumble (M), Hinge (N, serious relationships), HER (N, queer women), Taimi (N, queer people)","Hinge (N, serious relationships)",5,1,40,3,"My current girlfriend and I met on Tinder. Before we started dating I had one hookup but there wasn‚Äôt clear communication so she wanted something more serious, and I went on a few first dates but only more than one date with my current partner. ","I attribute my failures to the fact that it is impossible to know how a person really acts in person by meeting them online, and I attribute my success to the fact that I made sure my partner and I wanted the same things before pursuing a relationship. ","I think that hookups are much harder to come by in gay dating vs straight dating, and I think they may be nice for other people but they don‚Äôt make me feel good about myself, I end up feeling guilty afterwards. ","I feel like hookup culture is more common in straight dating on apps rather than gay dating on apps, at least in my experience. I feel like apps in general are not the best way to meet people but I think that a lot of queer femme people crave a relationship rather than a hookup and are just settling for what they can get. ","I don‚Äôt know a lot about protective measures when it comes to lesbian sex, but it us important that both partners stay safe. ",1,2,3,1,7,1,1,1,3,4,3,5,5,17,2,4,2,1,9,1,1,1,1,4,2,2,4,5,4,17,2,4,2,4,2,14,1,1,1,1,1,2,1,3,1,1,13,3,2,5,2,4,3,19,2,5,4,2,5,18,1,4,2,1,2,2,12,"I engage in class much more than my peers, but I have a hard time getting up in the morning for my classes. They often bring me anxiety.  ","I think there may be a correlation. When I was hooking up, I would stay up late and be tired in class which would cause me to not perform as well. ","I mostly attend all my classes, but often put work and homework last. "
05/12/2024 23:20:48,Yes,18,Nonbinary,White,"Unlabelled, queer, questioning, or other non-heterosexual sexuality",Yes,"Tinder (M), Hinge (N, serious relationships)",Tinder (M),6,2,4,1,I met a really nice girl and we hooked up and we have continued seeing each other ,I think it comes down to chemistry between the people. You have to be more than just attractive ,"I don't do them much, but I think they are a god way to satisfy physical needs without expecting too much from someone",I feel like I'm treated like a woman a lot. I feel like I attract exclusively female-attracted people and that makes me feel bad as a non binary person,I am planning to get STI tested,2,4,4,3,13,3,3,4,10,4,2,4,5,15,2,2,1,2,7,1,1,1,2,5,3,2,4,4,5,18,2,2,2,3,3,12,2,3,1,2,3,4,2,4,2,1,24,4,2,6,3,4,2,21,5,4,5,3,3,20,2,3,4,3,3,4,19,I struggle to be disciplined and to find my purpose in school,It might be distracting to some,I wish I spent more time on my studies 
06/12/2024 00:20:04,Yes,18,Cis woman,Asian,"Lesbian, gay, or homosexual",Yes,"Hinge (N, serious relationships), HER (N, queer women), Taimi (N, queer people)","Hinge (N, serious relationships)",1,1,20,1,I found that I actually ran out of people to scroll through on ratings apps specifically for queer women such as Her and Taimi. My heterosexual friends around me had way more matches and experience using dating apps just because men were more likely to send likes and match first. Women are unlikely to message first even when you match and messages are usually short and friendly and do not end up going anywhere. I noticed that on hinge there were a lot of women who seemed like they just wanted to search for queer friends. ,The only successful relationships that have come out of dating apps were went i was being proactive myself and messaging people first. I think dating apps can work in the long run as long as that is your intention going into it and you are clear about what you are looking for. ,I think hookups allow me to explore my sexuality and there is less stigma around it with queer relationships ,I think queer hookup culture is extremely different from what it would be like for straight people because it is an outlet for many queer people to explore their sexualities without judgement. Straight hookup culture is mostly motivated by straight men while queer people are a lot more respectful and accepting during hookups. ,"asking for STD testing and using condoms when applicable, protective sex is extremely important to me especially when there is a chance of pregnancy ",4,4,4,1,13,2,2,4,8,5,5,5,5,20,2,5,1,1,9,1,1,3,2,7,5,5,5,5,4,24,1,1,1,3,1,7,1,2,1,1,1,2,1,2,1,1,13,3,3,5,5,4,6,26,5,7,6,7,7,32,5,7,6,5,6,5,34,I am struggling with burnout because of the large amount of workload i am not used to as a freshman. I excel in class but struggle with getting work done outside of class. I engage in class a fair amount. ,It gives me a break from my studies. ,I do not have good school life balance because I live on campus and it feels as though i am at school at all times. 
06/12/2024 09:47:59,Yes,24,Cis woman,White,"Lesbian, gay, or homosexual",Yes,"Bumble (M), Hinge (N, serious relationships), HER (N, queer women), Taimi (N, queer people)","HER (N, queer women)",5,2.5,3,2,"My first long term serious relationship began on HER. We were long distance but eventually they moved to my country & city and we lived together for 2 years. We were together for 4.5 years. I've gone on a max of 3 dates from Hinge but we weren't compatible. And then I had one ""talking stage"" with someone who I really liked, but decided they were too busy for a relationship (which I am/was looking for). I really started falling for this one person I met on HER, but she stopped reciprocating my vulnerability so that mutually fizzled out. I had a online FWB type thing with one person but they ended up being a SCAMMER üò≠üò°; went on Lex again and met this woman who I just started having a conversation with, but mm",I was able to find my LDR that lasted 4.5 years entirely based on a free trial that HER has where you could place yourself anyways  in the world. And it worked out :),"Not in person, IRL, but over texting, yes. Definitely gave me an outlet to release some pent up sexual frustration after, NGL.",Turned away. I prefer to have an established romantic and intimate connection with someone. I think it can be super empowering for people to be able to get their sexual needs met! There's so much you can do with another body (WITH CONSENT) that you can't with solo masturbation.,"Not in the past. I first had sex when I was 20 and I was under the assumption that if you'd never had sex before you didn't need to get tested. We never used dental dams for oral. Or gloves for fingering. I still would rather not with the dental dams & gloves (it just feels so much better without !!) but I def would want my partner to get tested for STDs and HIV! I just had my bloodwork done yesterday to see where things are at in terms of STDs and HIV. I'd never want to hurt anyone I love, or loved at one point of time, in this way",1,4,1,1,7,3,1,3,7,3,4,4,2,13,4,4,4,4,16,1,1,1,1,4,4,2,4,4,4,18,4,4,3,1,1,13,3,3,1,4,4,4,1,3,3,2,28,1,1,4,1,5,3,15,7,3,3,3,3,19,1,1,1,1,1,1,6,"I have severe ADHD, dyscalculia, and I'm a slow visual processer (it takes me twice as long to read something than an average peer) which makes my academic success Very fraught. I need to engage more than my peers to be successful, but as soon as I slip up, I usually can't successfully obtain that credit. I have to start the semester RUNNING with the knowledge that I will barely be crawling at the end of the term (aka I need to do exceptionally well in the first 6 weeks of class so I can coast enough through the last 6 weeks to pass the class).","For me I tend to do better in college when I have a partner, but I honestly don't know about hooking up. With a partner I get a consistent and reliable stream of dopamine that helps get me through the agony of my classes. You feel supported, you're having orgasms (huge release in dopamine there). You feel connected to another person closely. For me I feel cared for in a relationship & supported when my classes are very hard/ I'm not doing well mental health wise... But I understand that that isn't usually a feature of a hookup","It tends to fall apart. I'm all or nothing for either academic performance or dopamine and happiness (socializing, going out, having fun, etc.)"
06/12/2024 13:27:56,Yes,22,Cis woman,White,"Lesbian, gay, or homosexual",Yes,"Tinder (M), Bumble (M), Hinge (N, serious relationships), HER (N, queer women)","Hinge (N, serious relationships)",3,0.1,0,1,"Dating Apps are great if you only care about their phenotypical traits, however, they do not consider matching people based on life experience, life aspirations, goals, career, education, etc. I have never had a hookup off a dating app because it fails to match people for anything but looks. As a conventionally attractive person, I just get lots of people that are interested in my face and nothing else, or people that are insanely unattractive to me (physically and from all other points of view). ","It has worked for friends before, but they are all heterosexual. There seem to be shitty algorithms in place or just no lesbians around that interest me (lived in big cities mostly).","No, my hookups have all been kind of disappointing. I‚Äôd rather take some more time with a person to explore my sexual life more. ","There are lots of women that are aggressively trying to hook up with me, so I feel welcomed i guess.","Yea, no, not really. What even is there for lesbians? ",1,1,1,1,4,1,1,1,3,5,1,3,5,14,4,1,1,2,8,3,2,1,4,10,1,1,1,1,1,5,3,5,5,1,5,19,1,2,1,3,1,1,1,1,1,1,13,5,4,7,7,7,5,35,3,7,7,7,5,29,3,4,5,4,5,5,26,"I‚Äôve been on Deans List every semester except one, Biotech major, no struggles. It‚Äôs pretty easy in the USA tbh. ","It encourages people to date or hookup with people that might not at all match their aspirations and goals. Seen lots of people getting with someone that‚Äôs such a bad fit, just to not be lonely. ",I would say they take up a third each. I struggle to prioritize self care like meditation. When i‚Äôm not in school or work I‚Äôm usually around friends.
06/12/2024 18:17:48,Yes,21,Cis woman,Black or African American,Bisexual or pansexual,Yes,"Tinder (M), Bumble (M), Hinge (N, serious relationships), HER (N, queer women), Taimi (N, queer people)",Tinder (M),4,2,25,5,"I got on them thinking I‚Äôll find something and I get very bored very quickly. Sometimes I get like something consistent but most times it‚Äôs just like playing hot or not. It‚Äôs very boring where I am cause I‚Äôm in a very rural white and republican area so I don‚Äôt really see anybody I really interested in And I feel like if I was in New York I‚Äôd want to hook up more cause right now, not looking for anything serious.","Dating apps I don‚Äôt think they‚Äôre working the long run for real successes or just when I actually initiative when I go when I talk to someone he does work out if it feels it‚Äôs probably because of character issues with either of us or inconsistency or boredom. it‚Äôs on rocket science it‚Äôs just the way it is. It‚Äôs the numbers game where you can really get as much people as you want if you just slept with everybody, but I‚Äôm very picky. I don‚Äôt want to do that.","It depends on what kind of hook up. I feel like one night stand are really boring because I feel like the fun about hookups and casual sex is getting to know somebody intimately vice versa so that it‚Äôs consistent enough, interesting and fun to try new things. versus being a disposable one night stand thing where they possibly could even make you finish because they don‚Äôt know you well enough",If anything I feel like when it comes to gay people they‚Äôre very into sanitizing their sexuality and it makes it very hard to find people who actually want to just sleep with you and  have fun and don‚Äôt want to U-Haul into your house and eat your food and live your skin. I‚Äôm bisexual and I give men one thing is that when you want something casual they know their place and they won‚Äôt ask for more.,"Extremely important testing always condoms only with men with women‚Äôs just testing and hoping for the best cause I can‚Äôt get pregnant, which is good but I could still catch something",5,5,5,5,20,1,4,5,10,5,5,5,5,20,5,5,5,5,20,1,1,1,1,4,4,5,5,5,4,23,1,1,1,3,1,7,2,1,1,1,1,1,1,2,1,1,12,4,5,7,7,5,3,31,5,7,7,7,7,33,5,6,7,7,7,5,37,"I have all ease right now, so I‚Äôm performing very well. I do have burnout right now because I‚Äôm kind of over the semester and I have so much work to do. I have a five credit studio class. It‚Äôs kind of killing me low-key and I engage in classes but I don‚Äôt talk that much.","I feel like it depends on your time management. If you know your shit with your time management, you can‚Äôt really have a whole roster for every day of the week if you don‚Äôt have your homework done right now I only have one or two people and I call her whenever I‚Äôm free and vice versa at the end of the day Europeans we don‚Äôt lose for a reason and it‚Äôs not to fuck","Work school life balance was really interesting right now because I just got my first job and it‚Äôs been very hard trying to manage the novelty, but I‚Äôm getting in the groove"
06/12/2024 18:38:45,Yes,23,Cis woman,White,"Lesbian, gay, or homosexual",Yes,Tinder (M),Tinder (M),1,0,0,1,Nothing went past talking,My own lack of agency/other parties/lack of intimacy of dating apps,Never had one ,Turned away. Maybe it‚Äôs my own internalized shame but it‚Äôs never interested me,Don‚Äôt hook up,1,1,1,1,4,1,1,1,3,1,1,1,1,4,1,1,1,1,4,1,1,1,1,4,1,1,1,1,1,5,1,1,1,1,1,5,2,3,2,1,1,3,2,4,2,2,22,5,3,7,3,4,4,26,6,7,7,7,7,34,6,5,5,4,5,5,30,I‚Äôm more or less engaged. Doing very well academically. ,"No, as I don‚Äôt hook up or use dating apps currently ",School/work takes over but I don‚Äôt mind because I care a lot about my work and less about hobbies 
06/12/2024 19:55:11,Yes,18,Nonbinary,White,"Lesbian, gay, or homosexual",No,I have not used a dating app.,I have not used a dating app.,1,0,0,1,None,None,None,I don‚Äôt really have an opinion on it as I personally haven‚Äôt participated in hookup culture,I haven‚Äôt had sex but I consider safe sex extremely important ,1,1,1,1,4,1,1,1,3,1,1,1,1,4,1,1,1,1,4,1,1,1,1,4,1,1,1,1,1,5,1,1,1,1,1,5,3,3,2,3,2,3,3,4,2,3,28,4,3,2,2,3,2,16,5,4,4,4,5,22,3,3,3,1,3,1,14,"I‚Äôm preforming decently academically, but have felt recently lots of burnout in general and around core classes such as English. I engage about the same in class as my peers.","I think it does, but I personally don‚Äôt participate in hookups","It‚Äôs more so falling apart, if I find there‚Äôs too much work I won‚Äôt pick up as much if any shifts at all."
06/12/2024 20:07:06,Yes,19,Cis woman,More than one race,"Unlabelled, queer, questioning, or other non-heterosexual sexuality",Yes,Tinder (M),Tinder (M),4,1.5,2,2,"My friends talked me into getting tinder like 2 years ago after i broke up with my ex. i‚Äôve had few successes, not many matches especially with people at my university. i don‚Äôt really use them to hook up i don‚Äôt really do that fr ",probably just the area that i‚Äôm in. i don‚Äôt think there is a large community of gay women in my area. generally i don‚Äôt think dating apps work in the long ryn,i don‚Äôt do them too often. i had a thing with a girl i met for a while which was cool but i don‚Äôt typically do one night stands. i guess yea that they have allowed me to explore my sexuality more but i already knew i liked women. ,lowkey damaging because it seems like nobody really wants a relationship these days ,i mean i‚Äôm just conscious of how many people i get with and the character of that person. i don‚Äôt really know what constitutes safe sex for wlw ,1,2,1,1,5,2,1,1,4,2,2,4,4,12,1,2,1,1,5,1,1,1,1,4,3,3,4,4,4,18,4,1,1,5,1,12,1,2,2,2,1,2,2,3,2,3,20,3,2,7,4,7,3,26,7,4,4,7,6,28,5,4,5,2,6,1,23,i am doing okay. i do feel like i am experiencing burnout simply because i am struggling with time management. i think i‚Äôm doing best with my statics class and yes i do feel like i engage more in classes than some of my peers ,not personally but i think for some. sometimes it‚Äôs hard to focus when other things are on your mind,"it‚Äôs okay, it‚Äôs kind of in check. my social life struggles a bit since i am so busy but i am able to go to the gym, eat, and usually get all my work done "
07/12/2024 17:05:24,Yes,21,Nonbinary,White,Bisexual or pansexual,Yes,"Tinder (M), Hinge (N, serious relationships), HER (N, queer women)","Hinge (N, serious relationships)",5,2,10,3,"I seek out monogamous people who want to get to know each other a little bit before we‚Äôd decide to hook up. Almost every time, we get along really well and decide to be friends instead. ","I‚Äôd attribute my success to the girl I matched with being a friend of a friend, so we already kind of knew each other and the app was like the bridge finally bringing us together. I think the failures are because apps are so easy to just open and close, and not respond to, especially as a college student. I have a demanding major and am a student athlete, and that is usually the same demographic of my matches, so we‚Äôre always super busy and it‚Äôs hard to get things started. ","I‚Äôm strictly monogamous and a survivor of SA, so I‚Äôm very careful about who I hookup with. I prefer short term over one night stand, so I can make sure I like the person, and so it can come to more of a natural close rather than ‚Äúokay I had a fun night‚Äù and then I‚Äôd see them still and only be able to think of that one night. Using a dating app was so important for my first WLW experience. I couldn‚Äôt out myself to all my friends yet or find anyone in my close community, so meeting someone on an app gave me freedom and choice. ","I‚Äôve always been more chill with WLW situationships than het ones (I‚Äôm F/NB and Bi), and it‚Äôs nice that on apps, it‚Äôs easy to find people who are also a little nervous like I am, but want to get together and try it. That part is empowering to me - knowing I‚Äôm not alone, and then getting to see it through. I have heard stereotypes and stigmas discussed IRL about queer women and NB people, like that we‚Äôre all poly freaks and whatnot, and that hurts. However, that‚Äôs not something I hear often, and rarely ever within my close community, so maybe I‚Äôm just lucky to be geographically close to a liberal city. ","It is very important to me as a survivor of SA. When having sex with males, I always use a condom, and I am also on continuous birth control as a form of gender-affirming therapy that helps too. With other females, I don‚Äôt use physical forms of birth control. In general, I always talk to the person outside of sex topics first, and make sure I‚Äôd be able to say no if I had to, know where/when we‚Äôre hooking up, and have a friend watching my location. ",3,4,4,2,13,5,4,5,14,5,5,5,5,20,4,5,4,5,18,2,2,3,3,10,1,1,2,2,1,7,5,5,5,5,5,25,2,3,1,1,1,2,1,3,2,2,18,6,5,5,4,6,6,32,7,7,7,7,7,35,6,6,6,4,5,6,33,"I am an architecture major, and I excel in my design classes that are tactile-project based, but struggle in my reading based classes. I also have ADA learning accommodations, so I generally struggle, but the accommodations pretty much balance me out to my peers or slightly more high-achieving. I have a 3.6 GPA, but I feel like if I interacted with more people in my program, my overall demeanor would improve and I‚Äôd be able to perform better instead of being locked in and stressed all the time. ","Feeling like I‚Äôm missing out on essential hookup/dating/sexual experiences during my core college years weighs on me a lot. Obviously my studies come first, but I waste a lot of time wishing for a relationship of some kind, or scrolling and talking to girls on dating apps. I think hooking up would relieve a lot of my stress, give me someone to feel close to, and raise my mood overall, allowing me to have more of a school-life balance and perform better in both aspects. ","Because of my disabilities that I have the ADA learning accommodations for, I spend significantly more time on my studies than my peers. I barely have a social life, so in a way, casual hookups/fwb is good for my schedule and stress relief. When I haven‚Äôt had any kind of romantic or sexual activity in a while, I tunnel back into my school hole and get burnt out. "